Id,Predicted
1,0.5000075185175769
2,0.5001420134902229
3,0.5001992827495975
4,0.5000216474690979
5,0.4999634497435833
6,0.5000283960216315
7,0.49999719549532534
8,0.5000156078021922
9,0.5000272367360326
10,0.49993266363203265
11,0.5000502722903672
12,0.5000554511132123
13,0.500242898658135
14,0.5000740956888
15,0.5000823596776
16,0.5001734998298556
17,0.5002688195413805
18,0.5000009397531358
19,0.4999788223140186
20,0.5002234773124999
21,0.50005303118067
22,0.5004030092095868
23,0.5001342822765312
24,0.49999358629065727
25,0.5003604915940023
26,0.5000325277578209
27,0.49997727804476855
28,0.49993370641498325
29,0.4999040962659757
30,0.5000606470090797
31,0.5000199952410078
32,0.5002429685364154
33,0.5000301650106482
34,0.5000654723986268
35,0.5000880928919267
36,0.5003041017542016
37,0.5004600967378917
38,0.5001755522608332
39,0.5001448614889736
40,0.5002692142765187
41,0.5001337425314822
42,0.500181735441584
43,0.5000283748704228
44,0.5001969654156688
45,0.5000301398449299
46,0.49994661958428244
47,0.49999780537837074
48,0.49991798654155783
49,0.5003612894459947
50,0.500244393634239
51,0.4999837000177707
52,0.5003255018504578
53,0.500054357376725
54,0.5003684794852722
55,0.5002604199454329
56,0.5001820415992879
57,0.5000283991175515
58,0.5000840618951126
59,0.5000145889280205
60,0.5000455936786794
61,0.5000185378030353
62,0.5000124068937996
63,0.49994770967187796
64,0.5001841724796047
65,0.5001688179554064
66,0.5000211718779484
67,0.5000185920907739
68,0.4999161410240637
69,0.500170707012064
70,0.49979571897392583
71,0.5000365587219934
72,0.4999200111349185
73,0.5000613819208056
74,0.5002153994149456
75,0.4999331796574891
76,0.5002619840139586
77,0.49999997893246473
78,0.4999602418502874
79,0.5000378939475196
80,0.49992187091329393
81,0.5000383589248643
82,0.49998259416862106
83,0.5000141657974344
84,0.500066620602926
85,0.499919615570217
86,0.5001056181265746
87,0.4999454727660465
88,0.5003009863067072
89,0.4999925401302795
90,0.5001881499685946
91,0.49994898872700516
92,0.5002227402435886
93,0.49995798357859605
94,0.5001410876974504
95,0.5000789795369908
96,0.4999561856385511
97,0.5002674294264223
98,0.500235873053281
99,0.49999132314405964
100,0.5001505853679137
101,0.5005390531390435
102,0.5000496854552877
103,0.5001612695722097
104,0.5001365214668746
105,0.5000704461995042
106,0.500172041364326
107,0.5000145974026923
108,0.49986104472548804
109,0.5001315787928073
110,0.5002021066938117
111,0.4999804878480162
112,0.49987897768969425
113,0.5002639472996105
114,0.5002603104568525
115,0.5000222169364714
116,0.5000566802552685
117,0.4999637819419782
118,0.49997441952839333
119,0.500084364182039
120,0.5002756600454553
121,0.5004087484229632
122,0.500151091861829
123,0.49999581474230587
124,0.5001752341705573
125,0.4999583398240302
126,0.4999906774282874
127,0.5001691606675227
128,0.5000852281146694
129,0.49992505618921956
130,0.4999346451153626
131,0.500096141235824
132,0.5004489848463993
133,0.4999725231100732
134,0.5004496785647419
135,0.5002415583397455
136,0.5000636318651435
137,0.5004722110221661
138,0.5001259326355213
139,0.500012828353644
140,0.49994822543904177
141,0.4999529897869728
142,0.5001620901837276
143,0.4999554845491087
144,0.5001507763035761
145,0.5004181617594492
146,0.5000322817867988
147,0.4999879915158113
148,0.5000445769036288
149,0.499997237477146
150,0.5000530403738424
151,0.5001127401682418
152,0.49994955655728346
153,0.5000236657997271
154,0.49983694931720934
155,0.5000796344168154
156,0.5002824517714227
157,0.49996343846948704
158,0.499912965374248
159,0.5000177328656644
160,0.5002461260975377
161,0.5001422271850808
162,0.5000605505953668
163,0.5003261749926665
164,0.5000931188395191
165,0.49999413440536983
166,0.5003058903876444
167,0.4999695334300136
168,0.49999156873127587
169,0.4999714509540664
170,0.5001829397870319
171,0.5001963401927279
172,0.5002214629349295
173,0.4999806059495411
174,0.5000325952568794
175,0.5001930615012049
176,0.5002099344296184
177,0.5002683752715367
178,0.5001750540324208
179,0.5000196553919422
180,0.500168133055042
181,0.5002111755476962
182,0.5002911505833417
183,0.4999823895705122
184,0.5000272439283165
185,0.49998604726988927
186,0.5002636666514515
187,0.5001850777395758
188,0.4999558159362336
189,0.49992036922116334
190,0.49990532260675913
191,0.49997509586685074
192,0.5001635441236315
193,0.5000610129242586
194,0.5001992464280228
195,0.5002816234475677
196,0.5003652362143597
197,0.4999995747493812
198,0.500053202336657
199,0.4999808913598919
200,0.49995863771992266
201,0.49995158913240295
202,0.5002821472581417
203,0.5000366659514182
204,0.5000076623764464
205,0.4999444926800158
206,0.5002856908229801
207,0.5001224020064106
208,0.49999970316366665
209,0.5001503252815563
210,0.5000202296832758
211,0.5002613058075832
212,0.4999646593060468
213,0.5003605334161849
214,0.5002804898246257
215,0.5000426957120779
216,0.5000114530121189
217,0.5002092965610784
218,0.5001908200991364
219,0.4999291733406798
220,0.5004455155270656
221,0.5000551223236057
222,0.4999448808960056
223,0.5004848181205842
224,0.500273179643148
225,0.49997124357108513
226,0.49998174958819513
227,0.4999227292143372
228,0.5001993903464416
229,0.5000712907489913
230,0.5000358041360712
231,0.5003484672651819
232,0.4998951645772551
233,0.5003355926679356
234,0.4999040618070417
235,0.4999758525300609
236,0.5002349642572725
237,0.5003723515731663
238,0.5004259525000653
239,0.4999985048311828
240,0.5001768744622386
241,0.5001023166463981
242,0.5000339997713512
243,0.49999838268013264
244,0.4999719179832323
245,0.4999672746635509
246,0.5003346422245714
247,0.5003116073381926
248,0.5000414628447247
249,0.5002268241795643
250,0.5001040271220969
251,0.5000240614390163
252,0.5003661157607495
253,0.5001022436321665
254,0.500313049112287
255,0.4999070317218667
256,0.5001480444291184
257,0.4999181936662377
258,0.5005186871161856
259,0.5000039112883313
260,0.5000675724655118
261,0.5001187554203577
262,0.5003520004102581
263,0.5000072973689379
264,0.5000080487625375
265,0.5001456437707665
266,0.5000577445314027
267,0.5002927523412086
268,0.49987541990670664
269,0.5003693834206502
270,0.5003142152732107
271,0.5002858961504371
272,0.5000581720593904
273,0.5000812685386455
274,0.4999482129498607
275,0.4999304393572797
276,0.5000706504865621
277,0.49999513442844556
278,0.5000012478703866
279,0.5000652700833528
280,0.5001675575559634
281,0.5003099575590967
282,0.5003226969408722
283,0.5000663338574415
284,0.5003519663296895
285,0.5001697732012201
286,0.5000039414890125
287,0.4999700840708458
288,0.5001888691677987
289,0.5003720242425665
290,0.5000500125204931
291,0.5003310172276789
292,0.5000597716349938
293,0.5000460407789951
294,0.5003718119302407
295,0.5003597880965774
296,0.5000224247669243
297,0.5003641321611387
298,0.5002791829466323
299,0.4999602452918153
300,0.5000421251824176
301,0.4999153193647454
302,0.5000790063416181
303,0.4999864953288157
304,0.4999464253780619
305,0.499996787766122
306,0.5000198299603549
307,0.500532335342401
308,0.5001384902826485
309,0.5000777608068444
310,0.5000370654233169
311,0.4999766445507873
312,0.500245900106349
313,0.5000403063239937
314,0.5003663229217035
315,0.4999494982477598
316,0.5000959463202026
317,0.5003314251176837
318,0.5007042149081989
319,0.5003391437992959
320,0.5001044569347224
321,0.5000726492430093
322,0.49998464808232285
323,0.49999941193914305
324,0.5000036150686354
325,0.5000445723888972
326,0.4999873615033748
327,0.4999958293788041
328,0.4999817325533595
329,0.5004233412771764
330,0.500005369149221
331,0.5000608694678425
332,0.5000478769214525
333,0.5000748734449959
334,0.49997285206157305
335,0.5001122268349062
336,0.5001037695022768
337,0.5003110644937574
338,0.5000503379740739
339,0.500240283999721
340,0.5002010232893471
341,0.4999887915473683
342,0.49998421947021215
343,0.5003156204637954
344,0.5001174405966825
345,0.5001474464327663
346,0.5000249344247798
347,0.5000046517880036
348,0.5000431950173896
349,0.4999899214963092
350,0.500235144933812
351,0.5000022291678761
352,0.5000406414837031
353,0.4999721802469427
354,0.5003780716076792
355,0.500233264681258
356,0.4998757416349805
357,0.5003825455332201
358,0.5003335687302642
359,0.49998594648878136
360,0.4999839505653709
361,0.5000192820880234
362,0.5003398999746701
363,0.4999399685442015
364,0.49988996901988947
365,0.5001363337471821
366,0.500191503908085
367,0.4999889690243453
368,0.5002080581059967
369,0.5001488329245756
370,0.4999711158671155
371,0.5002418965698321
372,0.49993727499564716
373,0.5003732540533432
374,0.500297984014842
375,0.5000959043815845
376,0.5002834194734755
377,0.5003005287364503
378,0.5000866800028646
379,0.49994983671802856
380,0.5002041117291206
381,0.5000094582455847
382,0.5002110130755917
383,0.5003910075250694
384,0.5004828298069569
385,0.5000720693783034
386,0.5000315052929674
387,0.5002918001515131
388,0.5004159255972956
389,0.4999471723351381
390,0.5004113538543211
391,0.5001713531461284
392,0.5000792979692678
393,0.5000283939807254
394,0.5002662239752119
395,0.4999697951789498
396,0.5004231692154539
397,0.5001388746423558
398,0.5004191936932422
399,0.5003622818569898
400,0.5000528899034026
401,0.4999521171159004
402,0.5002328209498033
403,0.5000365440864047
404,0.5000868390261893
405,0.5000184519449166
406,0.500121697773791
407,0.5001438469004247
408,0.5003667870693422
409,0.5000670484728817
410,0.5002858423956797
411,0.5000985413631472
412,0.5001152258898921
413,0.5003016687330759
414,0.4999924077137627
415,0.4999836183214998
416,0.5001192342147214
417,0.500016247680827
418,0.5000085789688448
419,0.4999889025157263
420,0.5003557115251324
421,0.5000138247632968
422,0.5002928331625182
423,0.5002716356854006
424,0.4999303829540574
425,0.5001500244061843
426,0.5001558322059757
427,0.5000481308159911
428,0.499854861733622
429,0.5004329593875976
430,0.5001959909759199
431,0.4999624751217902
432,0.5001376632682653
433,0.4999885833613027
434,0.5003686953773692
435,0.5000172026575388
436,0.5002624837265901
437,0.5000357807002118
438,0.5002518492188587
439,0.500227841110846
440,0.5000204190309773
441,0.49999752818348503
442,0.49992143853952337
443,0.5000154489898656
444,0.5002946829431358
445,0.5001422681050631
446,0.5001516742294231
447,0.4999981813625709
448,0.5000411450963819
449,0.49995064037664305
450,0.5000076123310458
451,0.4999706655071686
452,0.5001776472124958
453,0.49991748156828514
454,0.5003655989061011
455,0.5001145355907258
456,0.5001714227915864
457,0.5002627496482156
458,0.49991509952896845
459,0.5002911247973567
460,0.5000359213371959
461,0.5000646860640728
462,0.4999570663095401
463,0.5003805625448867
464,0.5002526272222565
465,0.4999196830692741
466,0.4999190853129918
467,0.500236215619841
468,0.4999346158369097
469,0.4999407860671494
470,0.5001913557841615
471,0.4999461318077275
472,0.5000079159435693
473,0.49995558679814023
474,0.4999303399094929
475,0.4999817398656969
476,0.5000578082324107
477,0.5000256460443554
478,0.5000429011778436
479,0.500145792578639
480,0.5001725173283128
481,0.4999330693903534
482,0.499950406796578
483,0.5000114277081573
484,0.500473275406502
485,0.500046816581607
486,0.5004130125095954
487,0.5002641346118111
488,0.5000933138279005
489,0.5000176287066933
490,0.49996396280773164
491,0.5001220162060571
492,0.4999327386908099
493,0.5000975995777818
494,0.4999568208987676
495,0.5000006903280791
496,0.5002924906687587
497,0.5004234610102489
498,0.5000570475783459
499,0.500077287003772
500,0.500284994892413
501,0.5000548799359946
502,0.5000789715989212
503,0.5000299780858408
504,0.4999051848146787
505,0.5001796416395347
506,0.5003537696312302
507,0.4999991645927367
508,0.5001226854340465
509,0.4998860004290436
510,0.49989660063294705
511,0.5000040931281545
512,0.49996727352122566
513,0.4999976257897743
514,0.4999790376878204
515,0.49995023072568145
516,0.5000147387945575
517,0.5001544400534838
518,0.5000643990639296
519,0.5002141312448712
520,0.49989145258030027
521,0.500136117331115
522,0.49999355868203604
523,0.5000539867831043
524,0.5001763980325934
525,0.4999968129368426
526,0.500085771679619
527,0.500087776948029
528,0.500312558683832
529,0.5000246120543835
530,0.5001252732155242
531,0.49997414475003576
532,0.5002084425529784
533,0.4999272232385602
534,0.5001532688426974
535,0.5000995171417846
536,0.5000261127642933
537,0.5001726148988928
538,0.49992272445586106
539,0.5000221055888543
540,0.5002917272173387
541,0.4998912681056796
542,0.49999882578686083
543,0.5004060254703934
544,0.5002396345624459
545,0.500073839502338
546,0.5002830082946907
547,0.49992738626366306
548,0.5005468915480412
549,0.4999568347558287
550,0.5000925541088125
551,0.5002817726046513
552,0.5004084998182096
553,0.5000232944312133
554,0.5000240632561869
555,0.5001373453089416
556,0.5000730639944124
557,0.5003305709788418
558,0.5001593291909289
559,0.4999834920599883
560,0.5000277606468159
561,0.5003141233342466
562,0.499920722920006
563,0.5002198594597028
564,0.5002859781650044
565,0.5000949002630906
566,0.4999512611249608
567,0.5000790219994784
568,0.5002559232010995
569,0.5000707365756909
570,0.5001510147366854
571,0.5002813130553142
572,0.5003523701742406
573,0.5000166877889507
574,0.5003344836960778
575,0.49996892265702986
576,0.5002415331794899
577,0.5001253144119937
578,0.500270387102337
579,0.49992070502842667
580,0.5001622110373708
581,0.5002350159311121
582,0.5000156285059296
583,0.5000437760280666
584,0.5001378869457372
585,0.5000802556962682
586,0.5001252699849993
587,0.5004470490066708
588,0.5000350228582984
589,0.5003408707033813
590,0.5001892525816063
591,0.5000365909326575
592,0.50012544855154
593,0.5001128632992662
594,0.5000235621246073
595,0.5000251513283517
596,0.5000054897532207
597,0.5000665091498092
598,0.49997762503336746
599,0.5000228764383632
600,0.499935327476484
601,0.5002698883792438
602,0.4999739186769384
603,0.5000220273359304
604,0.4999388444560603
605,0.500265859711773
606,0.5001866746083246
607,0.4999600982738167
608,0.50009774381636
609,0.4999771601051338
610,0.5000364792940025
611,0.49991374563336716
612,0.5002397098394861
613,0.5000608951919903
614,0.5003376246091457
615,0.5004018986663437
616,0.5001135406617815
617,0.5001057677057046
618,0.49996622596523266
619,0.49992415253713235
620,0.5000818508917256
621,0.5001968589975293
622,0.5001600382183742
623,0.500073051574353
624,0.5000460729969352
625,0.4998869505526437
626,0.49998273677375216
627,0.4999932554856063
628,0.499994257738763
629,0.5001576641173
630,0.5000659458233527
631,0.5004234127561327
632,0.5000802237184354
633,0.5002153408143939
634,0.5001813026531301
635,0.4999292852230778
636,0.5001347671463116
637,0.500090398831996
638,0.5002341375631504
639,0.5000727627479457
640,0.5003086239929916
641,0.499954803257547
642,0.5000698241124163
643,0.500073257149255
644,0.5001274397918366
645,0.5003536802534116
646,0.5004251744388255
647,0.5000156691494289
648,0.5002559303315359
649,0.5000776563531995
650,0.5000772172782718
651,0.5003489198295253
652,0.5002119650908194
653,0.5000694374316564
654,0.49994478418761606
655,0.500281384883545
656,0.5001758821672626
657,0.5000524433924407
658,0.5001143250972832
659,0.5007885360257269
660,0.5000938853834548
661,0.5002359190518747
662,0.5001129810751861
663,0.5001284836588553
664,0.5000576390554845
665,0.5000009472450984
666,0.5003396810557585
667,0.5001057056781687
668,0.5000528279049685
669,0.500315505474607
670,0.4999506936075484
671,0.5003128708513953
672,0.5001489140078401
673,0.5001005966682965
674,0.5001495902061767
675,0.5000625160243015
676,0.4999785485415618
677,0.5001470030796035
678,0.5000675387705527
679,0.5000533015989077
680,0.5000371795903672
681,0.5002536167522385
682,0.49991564654272225
683,0.5000606601749248
684,0.49998923251587424
685,0.4999112319065038
686,0.5001779034425867
687,0.4999401812495433
688,0.5000547023662512
689,0.4999016761006656
690,0.5001071978751443
691,0.5002660946087222
692,0.5001225516874016
693,0.5004022435465116
694,0.4999702905388753
695,0.5000671497833138
696,0.49996335558177823
697,0.5003920261876146
698,0.49996536223994636
699,0.5004051675482437
700,0.5000042729170672
701,0.4999534885065691
702,0.5002546468820513
703,0.5003179911444573
704,0.49997959735084113
705,0.5000890955552342
706,0.49997035184427496
707,0.49997327566418603
708,0.5002064430328588
709,0.5000154040899312
710,0.5005401283497036
711,0.49998485741889925
712,0.4999765115790241
713,0.4999993963092493
714,0.4999337234698277
715,0.5004188374044
716,0.5000254952737812
717,0.5000184887467101
718,0.5003467469094912
719,0.5002703380041893
720,0.5003135171599047
721,0.5000579485128717
722,0.500052299928748
723,0.5000443178176942
724,0.5001380116847451
725,0.5001288754836988
726,0.4998662291941486
727,0.5000446139782706
728,0.5000120119966572
729,0.5001553651040941
730,0.49988641936410944
731,0.500462959446424
732,0.5002730433790544
733,0.500182049137179
734,0.5000525267385343
735,0.5000010725430002
736,0.5001369893836738
737,0.5001422907623934
738,0.5003985917457271
739,0.4999190196110963
740,0.5000777974922218
741,0.5003047354898749
742,0.5001635460299322
743,0.5002177860159067
744,0.49998880745624963
745,0.5000178010359302
746,0.5000295458812272
747,0.5002928863060944
748,0.5000824168302455
749,0.5002416697637344
750,0.500007154369086
751,0.4999965088400132
752,0.5002511268910733
753,0.49995981403853434
754,0.5002022320730928
755,0.5002081186565054
756,0.5000051930946936
757,0.5002195646379572
758,0.5000869284622577
759,0.5002189672819519
760,0.5001233798368472
761,0.4999611143831191
762,0.5004139386510549
763,0.5000445652912006
764,0.5000724045743877
765,0.4999936062840792
766,0.5000926944402021
767,0.5003710024367471
768,0.5001603520740495
769,0.5000638117777444
770,0.5000160481522415
771,0.5000004598887244
772,0.500070836438207
773,0.5002993536988223
774,0.5000414237801085
775,0.5000600556483573
776,0.5003507485678169
777,0.500042080195172
778,0.5001350912756477
779,0.5003591370151228
780,0.5003885544520024
781,0.5000117336057861
782,0.5004527435448389
783,0.4999901585779311
784,0.5001821057732255
785,0.5000709791051811
786,0.49999544964885
787,0.5003253033624182
788,0.5000147524824526
789,0.500174635024625
790,0.5002597844634669
791,0.5002155732811965
792,0.5001271252376575
793,0.4999944148539729
794,0.499961608798988
795,0.4999383302859713
796,0.49997737689774746
797,0.5003542141338101
798,0.5002569165145717
799,0.4999856196855074
800,0.5000880765137466
801,0.500442683464662
802,0.5000902112578148
803,0.4999932960372466
804,0.5000175235836578
805,0.5000811530328214
806,0.49996955761529654
807,0.5000170966686643
808,0.5002023350278763
809,0.5000383865625891
810,0.50036522294302
811,0.5003252673318913
812,0.5001257956438
813,0.49998852714725417
814,0.5000881636069565
815,0.49993729263984416
816,0.5004674329632273
817,0.49995176181997936
818,0.5002997383931151
819,0.49996295996613704
820,0.5003003753011115
821,0.5001872929773238
822,0.499952526985141
823,0.5003071649312126
824,0.5000066695356505
825,0.5000218657532829
826,0.5002407638053589
827,0.5000973393313396
828,0.5003310554118877
829,0.5001232711049433
830,0.499945795265588
831,0.5001691426377018
832,0.499964688082459
833,0.500061110971424
834,0.500143803171923
835,0.5001067905234
836,0.5000895590118916
837,0.5000090709663699
838,0.5000105769049681
839,0.5000092542404662
840,0.5004000967620476
841,0.4999844329886451
842,0.5000862435836639
843,0.5004689300920571
844,0.5003375939628262
845,0.500067699234519
846,0.5002480421768518
847,0.5000933200124642
848,0.500130818280666
849,0.499997911236278
850,0.4999474386642876
851,0.5000774683642871
852,0.5001450953527836
853,0.4999880396790127
854,0.5001999620765478
855,0.5000734174385978
856,0.5003868929735285
857,0.5000130795851844
858,0.49997066013023606
859,0.5000172417603539
860,0.5001593289144425
861,0.5003816726225431
862,0.5002994802713355
863,0.5000659850334875
864,0.5002447210231495
865,0.5004139222947134
866,0.49998773462266644
867,0.499971958173803
868,0.5001976770333165
869,0.5000830234122632
870,0.5003654516116939
871,0.5002933876776092
872,0.5002970228320777
873,0.5000668858334041
874,0.5004570940400219
875,0.500010346827365
876,0.5003141712391326
877,0.5001433152607976
878,0.5003119064381419
879,0.5001412402015097
880,0.5001097822587874
881,0.4999754298296663
882,0.5001717646014829
883,0.5002292112897939
884,0.5003572079269185
885,0.5000729574234635
886,0.500052419694647
887,0.5001149270954326
888,0.5001563475328995
889,0.5000557775017529
890,0.49999299626688337
891,0.5000766827573343
892,0.5004448975659236
893,0.5002606315302228
894,0.5000459653200392
895,0.5004933974850355
896,0.5002546472604009
897,0.4999918366065693
898,0.5000577101852451
899,0.5000408952254473
900,0.5000838398983761
901,0.4999810880872337
902,0.5003837254018141
903,0.5002329862595244
904,0.5003302594224728
905,0.5002454024309683
906,0.49992698359034937
907,0.4999258538160553
908,0.4999667630545935
909,0.5000675984334041
910,0.5000235401694052
911,0.5000023843249436
912,0.5001367350453185
913,0.5002627165571695
914,0.500075198316496
915,0.4999864813835335
916,0.5000059259564292
917,0.5004490626990831
918,0.4999996558772181
919,0.5002988058776177
920,0.5000921627350657
921,0.4999666511576418
922,0.4999873642182165
923,0.5000206717213469
924,0.4999631857609285
925,0.5001111068177027
926,0.499912697771811
927,0.500046379151039
928,0.49986820163335904
929,0.5001934502410103
930,0.5000685900590969
931,0.49991254739232366
932,0.500448226284773
933,0.5000140946849532
934,0.49997588890984895
935,0.5002305814832901
936,0.5001101792422916
937,0.5004033358998712
938,0.5000476582316344
939,0.5000564550352794
940,0.5000520455503586
941,0.5003207157857456
942,0.5002047826741639
943,0.5004047706595681
944,0.4999855620517377
945,0.5000146745733176
946,0.5001381137518708
947,0.5000309755086677
948,0.5001598915787394
949,0.5002625169922591
950,0.5001918591057315
951,0.5001718605422487
952,0.5003088601995895
953,0.500273546205783
954,0.5002617641345799
955,0.5001022175987913
956,0.5003501798501453
957,0.5000867935223519
958,0.49997876179260314
959,0.5001580634800217
960,0.5000139575959074
961,0.500258335616968
962,0.5001228291342007
963,0.5003371482087619
964,0.5001140096117773
965,0.5001843328853445
966,0.5000184551718037
967,0.500171019514407
968,0.5000324668907977
969,0.5000025483268473
970,0.49992750900906546
971,0.4999465310904489
972,0.5002504352678203
973,0.500305670100834
974,0.500422770638781
975,0.5003834890206422
976,0.49999135814869156
977,0.5002261707550489
978,0.5002098187564646
979,0.5000701897147274
980,0.5003044913088279
981,0.500190612501544
982,0.4999902791150828
983,0.5000338759345532
984,0.5003660021976639
985,0.5001538255552658
986,0.49995419952769304
987,0.500037527228344
988,0.5004316133946527
989,0.5000404994024417
990,0.500187225383687
991,0.4998331724989901
992,0.5000424205535529
993,0.5002315773142922
994,0.49998027946459045
995,0.49999812869191373
996,0.5000644124662432
997,0.5001599612678543
998,0.49991764196676636
999,0.5001950557826789
1000,0.5000147169812365
1001,0.5000456351771033
1002,0.500192421711795
1003,0.5003780928243595
1004,0.49999637920564066
1005,0.5003121972726063
1006,0.5005199489404978
1007,0.49999380968984075
1008,0.5000287148086183
1009,0.50020819324961
1010,0.5001903470892006
1011,0.5002040718859833
1012,0.5001061048371855
1013,0.4999666751319221
1014,0.5003070000871791
1015,0.4999870556357593
1016,0.49994115738836503
1017,0.49994740576240776
1018,0.500106677942513
1019,0.5001050142512233
1020,0.5002206852807317
1021,0.5006052186317953
1022,0.4999673291750251
1023,0.5004175859405658
1024,0.5000364139704554
1025,0.5003064430109699
1026,0.5004387873670099
1027,0.5002348743410082
1028,0.500170554027797
1029,0.49999327768000557
1030,0.5000239633045384
1031,0.5001113069647348
1032,0.5000095759296516
1033,0.49999069652767614
1034,0.4999971589475081
1035,0.5002558115006274
1036,0.500039069582192
1037,0.5001819195378391
1038,0.49995344661888147
1039,0.5001663562081837
1040,0.49997020317099555
1041,0.5002141267628822
1042,0.5000033498590709
1043,0.5004565849562446
1044,0.49997260722559994
1045,0.5000147204636918
1046,0.5000789593898647
1047,0.4999274700317614
1048,0.49993609739647815
1049,0.5002548868430711
1050,0.5000820686247514
1051,0.5003232700241586
1052,0.49996874528373586
1053,0.5000193865525847
1054,0.5000639703790659
1055,0.5000220997207945
1056,0.500146235160551
1057,0.5000984657150188
1058,0.49997103394529013
1059,0.5000501548746025
1060,0.5002737178601236
1061,0.5001017247399948
1062,0.499908789687754
1063,0.5001848237359302
1064,0.5004465615178999
1065,0.4999995860457602
1066,0.5000222804155635
1067,0.49989152533259695
1068,0.500274630934322
1069,0.5000469693985434
1070,0.5000049252194002
1071,0.5000375575654492
1072,0.5001370442152863
1073,0.5001295024674765
1074,0.4999895306100386
1075,0.5000380597011091
1076,0.5002784044776173
1077,0.5001467506912075
1078,0.49986125281785987
1079,0.4999710468783046
1080,0.5002623714149393
1081,0.49993959195883064
1082,0.4999700182634474
1083,0.500120243149878
1084,0.500048972495122
1085,0.49998629720903753
1086,0.5002525421226779
1087,0.4998162223429058
1088,0.500240656819703
1089,0.5000293284574245
1090,0.5003292173602765
1091,0.5003310158889032
1092,0.49997893586443176
1093,0.5000388575789784
1094,0.500035461300226
1095,0.5003218691700703
1096,0.4999881645526351
1097,0.5002789959545798
1098,0.5001027858947128
1099,0.4999963432019286
1100,0.4999850603253479
1101,0.499962002533794
1102,0.499996030042894
1103,0.500021603700575
1104,0.4998884449469508
1105,0.5001652199656638
1106,0.5001337030666909
1107,0.5002855830515311
1108,0.49997218098727136
1109,0.5004330149176645
1110,0.49996527324407125
1111,0.49999344737125323
1112,0.500229785799286
1113,0.5002927708221346
1114,0.5002269919776643
1115,0.500040730301317
1116,0.5001116863840777
1117,0.5002974871835285
1118,0.5000799967885992
1119,0.4999733071563495
1120,0.5002449801635938
1121,0.50000666379492
1122,0.5002528333355312
1123,0.5001098889607006
1124,0.5000039017868402
1125,0.5000117028121146
1126,0.4999181051760436
1127,0.5003482210177919
1128,0.4999895646014935
1129,0.5004879276290956
1130,0.4999973603257787
1131,0.49995292157123267
1132,0.50012756349766
1133,0.49988718450377284
1134,0.500299278378136
1135,0.5003074736354256
1136,0.5003306924581771
1137,0.5004107921216691
1138,0.4999549811328814
1139,0.4999650622558533
1140,0.49998751428848015
1141,0.49998473370943
1142,0.499904536163081
1143,0.5001865463768654
1144,0.5000226685387887
1145,0.4999805746520094
1146,0.5001546218650952
1147,0.5001645494425868
1148,0.5000710872913927
1149,0.5001575334556662
1150,0.5001663957748369
1151,0.5002227591901784
1152,0.4999591852284535
1153,0.5002699347416322
1154,0.5002368137761826
1155,0.5001095826501758
1156,0.5002002441799313
1157,0.5000573208742243
1158,0.5002340861512451
1159,0.5001732596650755
1160,0.5003665651236505
1161,0.5000128532010393
1162,0.5000506212962226
1163,0.500272766485294
1164,0.49997654493383276
1165,0.5003296022582673
1166,0.5000712200485127
1167,0.5000389736668814
1168,0.5002008503544145
1169,0.49993261010281337
1170,0.4999753809406883
1171,0.4999303661393196
1172,0.5000163646018279
1173,0.5001062636858851
1174,0.5002566980030702
1175,0.500027051519256
1176,0.5000133077764953
1177,0.4998991808038247
1178,0.5001374523673738
1179,0.5003438932511722
1180,0.4999737985490595
1181,0.4999749878989158
1182,0.4999572853558804
1183,0.5002678906055875
1184,0.5000502516739416
1185,0.499915539986326
1186,0.500309465006059
1187,0.5002380391635838
1188,0.4999637131150576
1189,0.5001900773694908
1190,0.5002932196321501
1191,0.4999119238573273
1192,0.49992845410500814
1193,0.5003631022353311
1194,0.5002488465483194
1195,0.5002364827929449
1196,0.5001427674248898
1197,0.5001863920683778
1198,0.5000632289735489
1199,0.5001920812115809
1200,0.5000125138285485
1201,0.4999929933119351
1202,0.5001612301801793
1203,0.5001029524268236
1204,0.5003935017218044
1205,0.5003091420118722
1206,0.5000166363170077
1207,0.5000103095326253
1208,0.5001634877349661
1209,0.5000159509145251
1210,0.5000474967890504
1211,0.49999336831660957
1212,0.5001916864909385
1213,0.500019692659397
1214,0.4999345357722734
1215,0.4999606465863411
1216,0.5001097840632248
1217,0.5000959606538387
1218,0.5001583399372795
1219,0.5001822685363758
1220,0.500284462496215
1221,0.499906620746691
1222,0.5000001890498424
1223,0.50034249094197
1224,0.5000087808039089
1225,0.5002734826721402
1226,0.4999649951424207
1227,0.5002075632973086
1228,0.5002568380215616
1229,0.500009894603862
1230,0.5000517075930451
1231,0.5001609674599291
1232,0.5002338421738878
1233,0.49992353541224965
1234,0.50009803441082
1235,0.4999930512685755
1236,0.4999663629023923
1237,0.5000046465647755
1238,0.49992365589482896
1239,0.5000231489047854
1240,0.5001377464470065
1241,0.5002201581231531
1242,0.5003180803767654
1243,0.5002714009921809
1244,0.499928912264774
1245,0.5001918109097954
1246,0.4999427656259967
1247,0.5002092237578593
1248,0.5003087077537837
1249,0.5003727716867257
1250,0.499954986000497
1251,0.5000716627832484
1252,0.5003589386435167
1253,0.5000677225757905
1254,0.5000440838774688
1255,0.49997418040586605
1256,0.4999594849215077
1257,0.5001469225202078
1258,0.5001804648121686
1259,0.49995516038337173
1260,0.50024433213786
1261,0.5002350831900494
1262,0.5002418327742506
1263,0.5002603599624545
1264,0.5000252379886446
1265,0.5002045172036188
1266,0.5002826374538017
1267,0.5003086959667369
1268,0.4999807379754298
1269,0.5000466052150401
1270,0.5000319029495153
1271,0.49995136518570565
1272,0.5004007212134334
1273,0.5000121736356935
1274,0.49996576790732317
1275,0.4999615794077573
1276,0.5000187251789524
1277,0.5002503439109194
1278,0.5004241789721267
1279,0.500042576895691
1280,0.5000078457142074
1281,0.5000157295635238
1282,0.4999504823937768
1283,0.49984455942968087
1284,0.5000009350715118
1285,0.5001898095851854
1286,0.5002442785577209
1287,0.5000036714154703
1288,0.500073651025936
1289,0.5001747043644925
1290,0.5002161749009156
1291,0.500310818246343
1292,0.49999568585917603
1293,0.500007019969416
1294,0.4999399305637032
1295,0.5001312378851128
1296,0.5000292400727298
1297,0.500034777323834
1298,0.5002368815589885
1299,0.5003859657842515
1300,0.5000827246032441
1301,0.5003525065547223
1302,0.5001251627228389
1303,0.5002024746825837
1304,0.5000005893671187
1305,0.4999954223931129
1306,0.4999561619553091
1307,0.5004495758865111
1308,0.5004559628332828
1309,0.5002095860422773
1310,0.5002999865613882
1311,0.5000137552178751
1312,0.5000379974516541
1313,0.5005595711983323
1314,0.5001189022127943
1315,0.5000109673883326
1316,0.5001692556333107
1317,0.5002797345513585
1318,0.5002218350855364
1319,0.5003561757309929
1320,0.4999592200257206
1321,0.5000198682609958
1322,0.4999535066746351
1323,0.5000914874534623
1324,0.4999612654611021
1325,0.4999723657020067
1326,0.5002252355473035
1327,0.5001203108963154
1328,0.49998507484452137
1329,0.4999504629487803
1330,0.4999676050029392
1331,0.5000526989458971
1332,0.5001295694208339
1333,0.499986490904124
1334,0.5001580162154057
1335,0.49996129607469364
1336,0.49996239082982175
1337,0.5001295197842545
1338,0.5002309424143666
1339,0.4999950620012898
1340,0.5000396775939484
1341,0.5002718395576727
1342,0.5000185639637408
1343,0.5000164653356419
1344,0.500140544299875
1345,0.5001735012995988
1346,0.5000521379040876
1347,0.49994409602391543
1348,0.5003679010178517
1349,0.5000200714311979
1350,0.5001271963819665
1351,0.5001723789396154
1352,0.5001277196833559
1353,0.5001915152440253
1354,0.5000344645267797
1355,0.49993492922695076
1356,0.5003403954671544
1357,0.49995297120781507
1358,0.5000040079776226
1359,0.4999323234228126
1360,0.5000120265985947
1361,0.5000716620847566
1362,0.5000088322522052
1363,0.5004487190704339
1364,0.5000034828917705
1365,0.5000252350182349
1366,0.5004029357515664
1367,0.5001469625961787
1368,0.5000570937442964
1369,0.4999671043333839
1370,0.5001029187682451
1371,0.49996690717312336
1372,0.5001398022250162
1373,0.5000832872166511
1374,0.5000924687909363
1375,0.5002443496583617
1376,0.5001264981083591
1377,0.5000802671631772
1378,0.5000411309919381
1379,0.4999918579733283
1380,0.5002057940029979
1381,0.4999704442398414
1382,0.5004247811590486
1383,0.499987423252608
1384,0.500129946650107
1385,0.5000912527238015
1386,0.5003255231835565
1387,0.5002057778794785
1388,0.4999931077531987
1389,0.49998717763355943
1390,0.49999832615822015
1391,0.5000196996643251
1392,0.500007788108632
1393,0.500037459652888
1394,0.5001217090151449
1395,0.4999606920392481
1396,0.5000695141202482
1397,0.4999784705978661
1398,0.49993627976107685
1399,0.5002058582642447
1400,0.5000052773884816
1401,0.5001755202611755
1402,0.5000130574626352
1403,0.500379602846632
1404,0.5001778026996904
1405,0.5000005634810805
1406,0.5002699384087138
1407,0.5002725504185209
1408,0.5000942149843232
1409,0.5000703454056653
1410,0.5000857425830653
1411,0.5005276556845523
1412,0.49998649464032835
1413,0.5005236302217955
1414,0.5001708116548742
1415,0.5000771886546552
1416,0.500039232003393
1417,0.5003455024302972
1418,0.5002625083193201
1419,0.5000869903733791
1420,0.5002814694592496
1421,0.5000870007343425
1422,0.500239565833766
1423,0.5001900226542976
1424,0.5000055278960642
1425,0.5000881195946902
1426,0.5003657225973144
1427,0.5002334707072289
1428,0.5001571837731779
1429,0.4999285545932568
1430,0.4999912578077792
1431,0.5001530757679042
1432,0.5000176140329058
1433,0.4999855274390979
1434,0.5000895460170317
1435,0.5003184531675786
1436,0.5004293821511449
1437,0.5000268978583076
1438,0.5006710056378214
1439,0.5001970025667027
1440,0.5001104961829899
1441,0.4999645469579857
1442,0.5003039119681933
1443,0.5003461522312089
1444,0.5000363259422826
1445,0.5004661250673302
1446,0.49991885790294255
1447,0.500024709790503
1448,0.4999756748730043
1449,0.5002805428517881
1450,0.49994954237280426
1451,0.5001218557348215
1452,0.5000465413757885
1453,0.5002017440455915
1454,0.5000011151469153
1455,0.5000624479067874
1456,0.5002305999060109
1457,0.49992306522532787
1458,0.49999778995970695
1459,0.500067720785905
1460,0.5000075202415241
1461,0.49993725329874183
1462,0.5000408286940913
1463,0.5004236196260111
1464,0.5000420602736002
1465,0.5000522884363731
1466,0.5001577338791746
1467,0.5000131513079366
1468,0.49997675008855225
1469,0.4999169949595293
1470,0.5000623142183442
1471,0.49990371767608704
1472,0.4999694005382862
1473,0.5000656504704104
1474,0.4999786018997969
1475,0.5000964583147691
1476,0.4999648335470409
1477,0.5000068633053156
1478,0.5002455140732351
1479,0.49996395847489894
1480,0.4999894775091904
1481,0.49997555042502556
1482,0.49998042768130374
1483,0.5002209225642151
1484,0.49984933512042873
1485,0.500157361990466
1486,0.500485809949088
1487,0.5002384266227907
1488,0.49997420721776975
1489,0.5001310250924711
1490,0.49997240312771357
1491,0.500129657314396
1492,0.5000748242376957
1493,0.5000131734259382
1494,0.5001712629679202
1495,0.500197493897492
1496,0.49995719249283405
1497,0.5002500880301062
1498,0.49996809880399057
1499,0.5001684344251722
1500,0.49989497492942814
1501,0.5003517359729855
1502,0.49999613425643485
1503,0.5000448528770609
1504,0.5001174779587227
1505,0.5002485303643835
1506,0.5000559882607765
1507,0.5005755449897181
1508,0.5000473683975034
1509,0.5002888269051959
1510,0.5002747471749858
1511,0.500368238476583
1512,0.5000208381370491
1513,0.49992406620062124
1514,0.5003041069055776
1515,0.4999737455800882
1516,0.4999392898792649
1517,0.5002458454202648
1518,0.4999438642482885
1519,0.5002400567279615
1520,0.5002262356565775
1521,0.4999731011212393
1522,0.5003482055054578
1523,0.5000943683105725
1524,0.5002876056797719
1525,0.5001591691198776
1526,0.5003131250732546
1527,0.49992778189385007
1528,0.5001100100471815
1529,0.500059965441036
1530,0.4998952477778267
1531,0.500037036414074
1532,0.5001534752033879
1533,0.49996351567103486
1534,0.5002256354193008
1535,0.5001017344606737
1536,0.4999950695291775
1537,0.5002649490531746
1538,0.5003571654644516
1539,0.4999528237860013
1540,0.4998859425488038
1541,0.4999843350779025
1542,0.5000529472743277
1543,0.5001645101378681
1544,0.49995725777272537
1545,0.5000107711584844
1546,0.5003336684108391
1547,0.5002816774060522
1548,0.5003834368666087
1549,0.4999286968600531
1550,0.500175285175014
1551,0.5004635478671631
1552,0.5004781357417888
1553,0.5000889576176342
1554,0.5002531861902813
1555,0.5004230607164517
1556,0.5002303800993781
1557,0.4999641652430613
1558,0.5001533880519758
1559,0.5001869626052386
1560,0.5001883612478218
1561,0.5000169817976646
1562,0.5000419356801029
1563,0.5000360762714364
1564,0.49989741521274716
1565,0.5001793302867966
1566,0.4999967893277245
1567,0.500236699980231
1568,0.5003305132368674
1569,0.49995320350731187
1570,0.4999836909210047
1571,0.5000742086262115
1572,0.5000908159626324
1573,0.5001599631304992
1574,0.5002491849966798
1575,0.5002478791954413
1576,0.5003297388424842
1577,0.500236574688269
1578,0.49998109057561113
1579,0.5001941299026608
1580,0.4999320269420972
1581,0.5003076010519472
1582,0.5003638575084361
1583,0.5000192355255327
1584,0.49998639808200424
1585,0.5003128450945153
1586,0.5003832671622731
1587,0.5000724667474443
1588,0.5000367619431264
1589,0.5002770354629588
1590,0.4999535074458866
1591,0.5000918900758393
1592,0.500034338216156
1593,0.5002014574893233
1594,0.5001556806332415
1595,0.5000560580881409
1596,0.5002141307501062
1597,0.4999379061776844
1598,0.5000736988144246
1599,0.500024637887671
1600,0.500179758491399
1601,0.5002499400080614
1602,0.49992542275923196
1603,0.5003909020237485
1604,0.49990390510474836
1605,0.4999894179600249
1606,0.5000948781951119
1607,0.5000044798398448
1608,0.500216579967952
1609,0.5000726854554496
1610,0.5002170968373318
1611,0.49995509609301075
1612,0.5000165268374925
1613,0.5002526399697309
1614,0.500125092058743
1615,0.5002193981931828
1616,0.5002596482866809
1617,0.500014051118338
1618,0.5005381223996254
1619,0.4999770997765314
1620,0.4999505798479521
1621,0.5003093726887442
1622,0.5003473255515696
1623,0.5003256554895136
1624,0.499973870719283
1625,0.49994245545920357
1626,0.5000253327652682
1627,0.5002804333050047
1628,0.5000124756179477
1629,0.5001392307713497
1630,0.5001972995130387
1631,0.5001587624084399
1632,0.4999584346370332
1633,0.5000183541815121
1634,0.499999955365638
1635,0.4999990539289456
1636,0.500227802009858
1637,0.49997081373297664
1638,0.4999867381029648
1639,0.4999475381811969
1640,0.5000041861990211
1641,0.5001381067378481
1642,0.500067771441121
1643,0.5004093226993614
1644,0.5002084417089674
1645,0.5001425691259571
1646,0.4999679146058483
1647,0.500096252281485
1648,0.5000851956566235
1649,0.5002325870569204
1650,0.500317476676254
1651,0.5000449246798481
1652,0.5003405737280332
1653,0.49995068581863583
1654,0.5001563300851549
1655,0.5000455564403286
1656,0.5001028149185064
1657,0.49994825558697187
1658,0.5002582502263522
1659,0.5002768375569724
1660,0.5002700537762641
1661,0.5002429761179614
1662,0.5001464589980918
1663,0.5000412838525307
1664,0.5002450983251171
1665,0.5000253317520912
1666,0.5002537565087962
1667,0.5000958414445534
1668,0.5001518887828414
1669,0.5001709067661809
1670,0.5001261056141266
1671,0.500093043082251
1672,0.49996991846459415
1673,0.4999099575662241
1674,0.5001446696219874
1675,0.5000086392201402
1676,0.5002734334866814
1677,0.4999847553672273
1678,0.4999630677776385
1679,0.5000485459603008
1680,0.49991352295269104
1681,0.49993807754103553
1682,0.5000896262926695
1683,0.500064986437426
1684,0.49994501358036697
1685,0.5000829605552671
1686,0.500104810371624
1687,0.5001825863356101
1688,0.5004242844152285
1689,0.4999695823171726
1690,0.500322918217203
1691,0.5004169349465395
1692,0.4999917604291121
1693,0.5002750961298075
1694,0.49997637497292025
1695,0.5002694620373555
1696,0.4998974422793084
1697,0.4999209113309237
1698,0.49994660615650277
1699,0.5000299306193126
1700,0.5000296923608053
1701,0.5000002258566383
1702,0.500137643332143
1703,0.5001081852152708
1704,0.5000937010470752
1705,0.4999916475326252
1706,0.5000221816553531
1707,0.4999470220684252
1708,0.5003262077635657
1709,0.5002030492066545
1710,0.5002572546136806
1711,0.5003003947133594
1712,0.500054818894349
1713,0.5002556886533912
1714,0.5001900807455347
1715,0.5000296418547457
1716,0.4998892756502664
1717,0.4999828297677663
1718,0.50002037618832
1719,0.5000387272884063
1720,0.49996485319940226
1721,0.5002025011670651
1722,0.5000709729933768
1723,0.5003145811664226
1724,0.5001482122563421
1725,0.5000590321212243
1726,0.5000272374636283
1727,0.500008493015229
1728,0.5001796943174611
1729,0.5000179568323725
1730,0.5002953373425358
1731,0.5000503256667918
1732,0.5001825594436744
1733,0.4999689084725506
1734,0.5002135391712047
1735,0.5002535228924093
1736,0.5001442350727312
1737,0.5000039357596506
1738,0.49999891940751695
1739,0.5000844317393036
1740,0.5000763212441127
1741,0.4999971089346218
1742,0.5002022396255356
1743,0.499953264327041
1744,0.5001301898708016
1745,0.5003246560935023
1746,0.5000109502798279
1747,0.5001997444672422
1748,0.500018928276395
1749,0.5000319610553126
1750,0.5003969456341183
1751,0.500106600955609
1752,0.49999886868045
1753,0.5003245016104352
1754,0.5003763792500052
1755,0.5000674464968599
1756,0.5001133952590521
1757,0.5000977886289812
1758,0.5003099838398455
1759,0.5002091775118808
1760,0.5001417562414863
1761,0.5001024782817897
1762,0.4999850464437304
1763,0.5001039662296103
1764,0.500003832295988
1765,0.5000794520740461
1766,0.500015219455231
1767,0.5002168606161363
1768,0.5002056767873406
1769,0.4999856737013072
1770,0.49989228872603414
1771,0.5004778590519255
1772,0.4999683283131585
1773,0.5001685024408162
1774,0.49999339127316533
1775,0.5000035954471969
1776,0.5000841955180704
1777,0.5000545551663544
1778,0.5001567521488628
1779,0.500479617445542
1780,0.5001365954342543
1781,0.50018712028977
1782,0.5002488256517743
1783,0.500320257429708
1784,0.5000031481990844
1785,0.49995275741107853
1786,0.5002881848458061
1787,0.5000157866106695
1788,0.4999899763515728
1789,0.5002876548361254
1790,0.5002271108667872
1791,0.5000310469913131
1792,0.500252927253568
1793,0.5003381633499052
1794,0.5000515462850664
1795,0.50020121554922
1796,0.49985887323066036
1797,0.499988006173228
1798,0.5003976181650078
1799,0.5001275911899529
1800,0.5001640864589019
1801,0.5003034803003392
1802,0.4999585198639621
1803,0.5001662530496681
1804,0.5001273415809672
1805,0.5000062217045521
1806,0.5003220707722202
1807,0.4999239427421753
1808,0.49992823565893724
1809,0.5001640073692512
1810,0.5000122361670922
1811,0.49996902590286807
1812,0.49992494575473734
1813,0.5000117296431177
1814,0.500038932575911
1815,0.5000428998172395
1816,0.5002204637715212
1817,0.5003398772154852
1818,0.5001110395442018
1819,0.5000015080327103
1820,0.5002034222158359
1821,0.500232769537898
1822,0.5000654504179592
1823,0.5003753442892752
1824,0.5000778191163673
1825,0.5001741348025999
1826,0.5000737992735692
1827,0.5001574750588361
1828,0.5002397373862553
1829,0.5001870592444941
1830,0.4999622594915115
1831,0.4999543726845688
1832,0.49996181633840175
1833,0.5001638055051048
1834,0.49994631115644267
1835,0.5000165809851691
1836,0.5000566783780714
1837,0.5001414035904009
1838,0.4999543804152737
1839,0.5000341354534081
1840,0.5000803668001381
1841,0.5004493191909338
1842,0.49993050798411054
1843,0.4999488049617836
1844,0.4999548074230328
1845,0.49999980813799993
1846,0.49997780946434073
1847,0.5001882337585106
1848,0.4999215395007087
1849,0.5000689052899546
1850,0.4999446292169967
1851,0.4999707757888578
1852,0.50001352040999
1853,0.500042290230239
1854,0.49997902072756334
1855,0.500031028117479
1856,0.5003314941519392
1857,0.5002331234549514
1858,0.49993028990183724
1859,0.5002039913556978
1860,0.4999881919175117
1861,0.5001659788334077
1862,0.5000196486107497
1863,0.5000186406868948
1864,0.4998750786934196
1865,0.5003540345632662
1866,0.5003894648774756
1867,0.5000397981056336
1868,0.5000585705272037
1869,0.5002387163659089
1870,0.5000524440581907
1871,0.5001514059503386
1872,0.5001508611121303
1873,0.500079851698732
1874,0.5001541544867265
1875,0.5001111088913505
1876,0.500054070256527
1877,0.5000252814934141
1878,0.5004537778359157
1879,0.5000426166296952
1880,0.5003460564796527
1881,0.5004623968407592
1882,0.5000456872656834
1883,0.500167867657242
1884,0.5000786678131465
1885,0.5000746456784239
1886,0.5003171475120642
1887,0.500346540796263
1888,0.5000944659248163
1889,0.5001560615004818
1890,0.5001263154527308
1891,0.4999743820062801
1892,0.49999812579176256
1893,0.5002321594489839
1894,0.5001814613271929
1895,0.49996979183928525
1896,0.5000601411263061
1897,0.5002168821093111
1898,0.500041428505843
1899,0.5004028933182092
1900,0.5001789451267538
1901,0.49995819252226925
1902,0.4999787212145876
1903,0.49991305177624207
1904,0.5000212063114177
1905,0.4998801748102071
1906,0.5000449448779063
1907,0.4999419265298339
1908,0.5000050579737942
1909,0.49991545495948775
1910,0.4999507455396953
1911,0.4998741839253123
1912,0.5003452878478577
1913,0.5004677903579526
1914,0.5005001625473315
1915,0.500117427936517
1916,0.500035817705732
1917,0.5004352530296431
1918,0.5004975416335925
1919,0.5000658315544404
1920,0.5001493475966676
1921,0.5002010901699387
1922,0.49986543573647585
1923,0.5000352870992498
1924,0.5001285193255971
1925,0.49985891243351693
1926,0.5002573937590573
1927,0.5000007423552688
1928,0.5002381058404443
1929,0.4999919899601088
1930,0.5003630482768578
1931,0.4998914641490722
1932,0.5002639425265836
1933,0.5004166702764893
1934,0.49999509795725333
1935,0.5003149665591927
1936,0.5001652979202652
1937,0.5001143070383572
1938,0.5002795179316163
1939,0.4999917443237799
1940,0.5002355843870027
1941,0.5001376017864281
1942,0.5000943551992972
1943,0.5000134507854422
1944,0.5002357787714431
1945,0.5000542804298361
1946,0.5005088339083725
1947,0.4999445359646872
1948,0.5000685924019552
1949,0.5003523343183393
1950,0.5003232191797881
1951,0.5001393865059344
1952,0.5001099720957884
1953,0.5000154056579
1954,0.50002990859317
1955,0.5001655916215381
1956,0.5000353774957467
1957,0.5005067934991316
1958,0.499883961203787
1959,0.5002187686192433
1960,0.5001694118335508
1961,0.5001595943267974
1962,0.5003379601179501
1963,0.5000501707652938
1964,0.5000756863877217
1965,0.5000066323068492
1966,0.5000531892726753
1967,0.4999598636059953
1968,0.5002434254809974
1969,0.500116145439918
1970,0.500084877318935
1971,0.4999776435834213
1972,0.5001047653625521
1973,0.5003087900593849
1974,0.4999849875248446
1975,0.5001695099134482
1976,0.4998986874357111
1977,0.49999691480434194
1978,0.5001193468683667
1979,0.49998601315656205
1980,0.49998495443651786
1981,0.5003294434678371
1982,0.4999776143649947
1983,0.5001214044872329
1984,0.5000122564269962
1985,0.5000057069150896
1986,0.500311270257759
1987,0.5001754418554659
1988,0.5001633523148573
1989,0.5002500701894625
1990,0.5002043530871463
1991,0.4999893577542041
1992,0.49997901359348684
1993,0.4999548291963357
1994,0.500153280920786
1995,0.5001743681134284
1996,0.5000696990678113
1997,0.4999995051675796
1998,0.500026294695975
1999,0.5000498738953121
2000,0.4998783244469823
